,Name,CountryCode,Population
0,Mazar-e-Sharif,AFG,127800
1,Haag,NLD,440900
2,Groningen,NLD,172701
3,Nijmegen,NLD,152463
4,Arnhem,NLD,138020
5,Amersfoort,NLD,126270
6,Haarlemmermeer,NLD,110722
7,Zwolle,NLD,105819
8,Alkmaar,NLD,92713
9,Alger,DZA,2168000
10,Batna,DZA,183377
11,Skikda,DZA,128747
12,Mostaganem,DZA,115212
13,BÃ©char,DZA,107311
14,Tafuna,ASM,5200
15,Luanda,AGO,2022000
16,Namibe,AGO,118200
17,Saint JohnÂ´s,ATG,24000
18,al-Ayn,ARE,225970
19,La Matanza,ARG,1266461
20,Quilmes,ARG,559249
21,Mar del Plata,ARG,512880
22,General San MartÃ­n,ARG,422542
23,Santa FÃ©,ARG,353063
24,Florencio Varela,ARG,315432
25,Malvinas Argentinas,ARG,290335
26,San Miguel,ARG,248700
27,Resistencia,ARG,229212
28,Posadas,ARG,201273
29,San Salvador de Jujuy,ARG,178748
30,San Fernando,ARG,153036
31,La Rioja,ARG,138117
32,Mendoza,ARG,123027
33,Escobar,ARG,116675
34,Ezeiza,ARG,99578
35,Yerevan,ARM,1248700
36,Sydney,AUS,3276207
37,Perth,AUS,1096829
38,Newcastle,AUS,270324
39,Hobart,AUS,126118
40,Baku,AZE,1787800
41,MingÃ¤Ã§evir,AZE,93900
42,Chittagong,BGD,1392860
43,Narayanganj,BGD,202134
44,Tungi,BGD,168702
45,Nawabganj,BGD,130577
46,Brahmanbaria,BGD,109032
47,Pabna,BGD,103277
48,Saidpur,BGD,96777
49,Antwerpen,BEL,446525
50,Bruxelles [Brussel],BEL,133859
51,Namur,BEL,105419
52,Cotonou,BEN,536827
53,Parakou,BEN,103577
54,Santa Cruz de la Sierra,BOL,935361
55,Cochabamba,BOL,482800
56,Tarija,BOL,125255
57,Zenica,BIH,96027
58,Rio de Janeiro,BRA,5598953
59,Fortaleza,BRA,2097757
60,Porto Alegre,BRA,1314032
61,Guarulhos,BRA,1095874
62,Nova IguaÃ§u,BRA,862225
63,Duque de Caxias,BRA,746758
64,Osasco,BRA,659604
65,JoÃ£o Pessoa,BRA,584029
66,UberlÃ¢ndia,BRA,487222
67,Sorocaba,BRA,466823
68,Aracaju,BRA,445555
69,Joinville,BRA,428011
70,Campos dos Goytacazes,BRA,398418
71,Olinda,BRA,354732
72,Moji das Cruzes,BRA,339194
73,Piracicaba,BRA,319104
74,Bauru,BRA,313670
75,Betim,BRA,302108
76,SÃ£o Vicente,BRA,286848
77,AnÃ¡polis,BRA,282197
78,VitÃ³ria,BRA,270626
79,Foz do IguaÃ§u,BRA,259425
80,Uberaba,BRA,249225
81,Blumenau,BRA,244379
82,Novo Hamburgo,BRA,239940
83,Cascavel,BRA,237510
84,TaubatÃ©,BRA,229130
85,Embu,BRA,222223
86,Barueri,BRA,208426
87,Juazeiro,BRA,201073
88,MagÃ©,BRA,196147
89,MarÃ­lia,BRA,188691
90,DivinÃ³polis,BRA,185047
91,Itabuna,BRA,182148
92,Americana,BRA,177409
93,ItaboraÃ­,BRA,173977
94,AraÃ§atuba,BRA,169303
95,MarabÃ¡,BRA,167795
96,Dourados,BRA,164716
97,MaracanaÃº,BRA,162022
98,Cachoeiro de Itapemirim,BRA,155024
99,Cabo de Santo Agostinho,BRA,149964
100,ChapecÃ³,BRA,144158
101,Ferraz de Vasconcelos,BRA,139283
102,SÃ£o Caetano do Sul,BRA,133321
103,ParnaÃ­ba,BRA,129756
104,Castanhal,BRA,127634
105,Uruguaiana,BRA,126305
106,LuziÃ¢nia,BRA,125597
107,Moji-GuaÃ§u,BRA,123782
108,BagÃ©,BRA,120793
109,Itapetininga,BRA,119391
110,Queimados,BRA,115020
111,VitÃ³ria de Santo AntÃ£o,BRA,113595
112,JaÃº,BRA,109965
113,Teixeira de Freitas,BRA,108441
114,Catanduva,BRA,107761
115,Colatina,BRA,107354
116,Barretos,BRA,104156
117,CodÃ³,BRA,103153
118,Itaituba,BRA,101320
119,Atibaia,BRA,100356
120,Passos,BRA,98570
121,Pinhais,BRA,98198
122,Angra dos Reis,BRA,96864
123,Ourinhos,BRA,96291
124,Birigui,BRA,94685
125,Bacabal,BRA,93121
126,Santana do Livramento,BRA,91779
127,Patos,BRA,90519
128,Barra do PiraÃ­,BRA,89388
129,Ãguas Lindas de GoiÃ¡s,BRA,89200
130,Liverpool,GBR,461000
131,Manchester,GBR,430000
132,Coventry,GBR,304000
133,Belfast,GBR,287500
134,Stoke-on-Trent,GBR,252000
135,Swansea,GBR,230000
136,Dudley,GBR,192171
137,Sunderland,GBR,183310
138,Walsall,GBR,174739
139,Brighton,GBR,156124
140,Reading,GBR,148000
141,Huddersfield,GBR,143726
142,Blackburn,GBR,140000
143,Stockport,GBR,132813
144,Watford,GBR,113080
145,Exeter,GBR,111000
146,Sutton Coldfield,GBR,106001
147,Basildon,GBR,100924
148,Crawley,GBR,97000
149,Rochdale,GBR,94313
150,Halifax,GBR,91069
151,Maidstone,GBR,90878
152,Douglas,GBR,23487
153,Sofija,BGR,1122302
154,Ruse,BGR,166467
155,Sliven,BGR,105530
156,Bobo-Dioulasso,BFA,300000
157,George Town,CYM,19600
158,ValparaÃ­so,CHL,293800
159,San Bernardo,CHL,241910
160,Arica,CHL,189036
161,Iquique,CHL,177892
162,Osorno,CHL,141468
163,Valdivia,CHL,133106
164,CuricÃ³,CHL,115766
165,San Pedro de la Paz,CHL,91684
166,Djibouti,DJI,383000
167,Santiago de los Caballeros,DOM,365463
168,San Felipe de Puerto Plata,DOM,89423
169,Cuenca,ECU,270353
170,Ambato,ECU,169612
171,Ibarra,ECU,130643
172,RÃ­obamba,ECU,123163
173,Alexandria,EGY,3328196
174,Suez,EGY,417610
175,al-Mansura,EGY,369621
176,Zagazig,EGY,267351
177,Kafr al-Dawwar,EGY,231978
178,Bani Suwayf,EGY,172032
179,Shibin al-Kawm,EGY,159909
180,Kafr al-Shaykh,EGY,124819
181,Mit Ghamr,EGY,101801
182,Jirja,EGY,95400
183,Disuq,EGY,91300
184,Soyapango,SLV,129800
185,Apopa,SLV,88800
186,Valencia,ESP,739412
187,MÃ¡laga,ESP,530553
188,Palma de Mallorca,ESP,326993
189,Vigo,ESP,283670
190,Granada,ESP,244767
191,Santa Cruz de Tenerife,ESP,213050
192,Elche [Elx],ESP,193174
193,Jerez de la Frontera,ESP,182660
194,LeganÃ©s,ESP,173163
195,Terrassa,ESP,168695
196,Albacete,ESP,147527
197,AlcorcÃ³n,ESP,142048
198,Badajoz,ESP,136613
199,Santa Coloma de Gramenet,ESP,120802
200,Ourense (Orense),ESP,109120
201,Marbella,ESP,101144
202,TorrejÃ³n de Ardoz,ESP,92262
203,Johannesburg,ZAF,756653
204,Durban,ZAF,566120
205,Alberton,ZAF,410102
206,Randburg,ZAF,341288
207,Vereeniging,ZAF,328535
208,Klerksdorp,ZAF,261911
209,East London,ZAF,221047
210,Chatsworth,ZAF,189885
211,Botshabelo,ZAF,177971
212,Germiston,ZAF,164252
213,Randfontein,ZAF,120838
214,Nigel,ZAF,96734
215,Addis Abeba,ETH,2495000
216,Dese,ETH,97314
217,Stanley,FLK,1636
218,Kalookan,PHL,1177604
219,Zamboanga,PHL,601794
220,Antipolo,PHL,470866
221,ParaÃ±aque,PHL,449811
222,Marikina,PHL,391170
223,Iloilo,PHL,365820
224,Bacoor,PHL,305699
225,Mandaluyong,PHL,278474
226,Mandaue,PHL,259728
227,Cainta,PHL,242511
228,San Fernando,PHL,221857
229,San Pablo,PHL,207927
230,Imus,PHL,195482
231,Santa Rosa,PHL,185633
232,Mabalacat,PHL,171045
233,Puerto Princesa,PHL,161912
234,San Carlos,PHL,154264
235,Valencia,PHL,147924
236,Cadiz,PHL,141954
237,Naga,PHL,137810
238,Marawi,PHL,131090
239,Roxas,PHL,126352
240,Malaybalay,PHL,123672
241,Baliuag,PHL,119675
242,Tanauan,PHL,117539
243,Sariaya,PHL,114568
244,Hagonoy,PHL,111425
245,Santiago,PHL,110531
246,San Jose,PHL,108254
247,Tabaco,PHL,107166
248,Midsayap,PHL,105760
249,Dumaguete,PHL,102265
250,Kidapawan,PHL,101205
251,Malita,PHL,100000
252,Bislig,PHL,97860
253,Bayambang,PHL,96609
254,Sultan Kudarat,PHL,94861
255,Malungon,PHL,93232
256,Ligao,PHL,90603
257,Serekunda,GMB,102600
258,Rustavi,GEO,155400
259,Accra,GHA,1070000
260,Sekondi-Takoradi,GHA,103653
261,Nuuk,GRL,13445
262,AgaÃ±a,GUM,1139
263,Villa Nueva,GTM,101295
264,Georgetown,GUY,254000
265,Delmas,HTI,240429
266,La Ceiba,HND,89200
267,Longyearbyen,SJM,1438
268,Medan,IDN,1843919
269,Semarang,IDN,1104405
270,Bekasi,IDN,644300
271,Banjarmasin,IDN,482931
272,Pontianak,IDN,409632
273,Depok,IDN,365200
274,Mataram,IDN,306600
275,Bogor,IDN,285114
276,Kediri,IDN,253760
277,Cilacap,IDN,206900
278,Ciomas,IDN,187400
279,Bengkulu,IDN,146439
280,Pasuruan,IDN,134019
281,Percut Sei Tuan,IDN,129000
282,Pangkal Pinang,IDN,124000
283,Serang,IDN,122400
284,Ciparay,IDN,111500
285,Depok,IDN,106800
286,Salatiga,IDN,103000
287,Mojokerto,IDN,96626
288,Kendari,IDN,94800
289,Majalaya,IDN,93200
290,Batam,IDN,91871
291,Banyuwangi,IDN,89900
292,Calcutta [Kolkata],IND,4399819
293,Ahmedabad,IND,2876710
294,Lucknow,IND,1619115
295,Jaipur,IND,1458483
296,Vadodara (Baroda),IND,1031346
297,Haora (Howrah),IND,950435
298,Agra,IND,891790
299,Allahabad,IND,792858
300,Amritsar,IND,708835
301,Gwalior,IND,690765
302,Solapur (Sholapur),IND,604215
303,Guwahati (Gauhati),IND,584342
304,Kota,IND,537371
305,Jalandhar (Jullundur),IND,509510
306,Aligarh,IND,480520
307,Ghaziabad,IND,454156
308,Durgapur,IND,425836
309,Bikaner,IND,416289
310,Ajmer,IND,402700
311,Bhilai,IND,386159
312,Salem,IND,366712
313,Jamnagar,IND,341637
314,Rajahmundry,IND,324851
315,New Bombay,IND,307297
316,Jhansi,IND,300850
317,Dhule (Dhulia),IND,278317
318,Dehra Dun,IND,270159
319,Asansol,IND,262188
320,Rampur,IND,243742
321,Nizamabad,IND,241034
322,Kurnool,IND,236800
323,South Dum Dum,IND,232811
324,Darbhanga,IND,218391
325,Ambattur,IND,215424
326,Jammu,IND,214737
327,Brahmapur,IND,210418
328,Bihar Sharif,IND,201323
329,Latur,IND,197408
330,Parbhani,IND,190255
331,Kukatpalle,IND,185378
332,Avadi,IND,183215
333,Bilaspur,IND,179833
334,Vellore,IND,175061
335,Anantapur,IND,174924
336,Burhanpur,IND,172710
337,Mirzapur-cum-Vindhyachal,IND,169336
338,Murwara (Katni),IND,163431
339,Erode,IND,159232
340,Agartala,IND,157358
341,Lalbahadur Nagar,IND,155500
342,Cuddalore,IND,153086
343,Raiganj,IND,151045
344,Kanchipuram,IND,150100
345,Bharatpur,IND,148519
346,Morena,IND,147124
347,Bhusawal,IND,145143
348,Tenali,IND,143726
349,Kumbakonam,IND,139483
350,Serampore,IND,137028
351,Maunath Bhanjan,IND,136697
352,Bahraich,IND,135400
353,Chittoor,IND,133462
354,Shillong,IND,131719
355,Rae Bareli,IND,129904
356,Bulandshahr,IND,127201
357,Midnapore (Medinipur),IND,125498
358,Puri,IND,125199
359,Korba,IND,124501
360,Gandhinagar,IND,123359
361,Hoshiarpur,IND,122705
362,Cuddapah,IND,121463
363,Chandannagar,IND,120378
364,Balurghat,IND,119796
365,Mahbubnagar,IND,116833
366,Berhampore (Baharampur),IND,115144
367,Rajapalaiyam,IND,114202
368,Bhir (Bid),IND,112434
369,Mango,IND,110024
370,Tiruvannamalai,IND,109196
371,Moga,IND,108304
372,Unnao,IND,107425
373,Abohar,IND,107163
374,Surendranagar,IND,105973
375,Hindupur,IND,104651
376,Wardha,IND,102985
377,Modinagar,IND,101660
378,Ongole,IND,100836
379,Haldia,IND,100347
380,Champdani,IND,98818
381,Sasaram,IND,98220
382,Godhra,IND,96813
383,Achalpur,IND,96216
384,Satara,IND,95133
385,Delhi Cantonment,IND,94326
386,Kanpur Cantonment,IND,93109
387,Purulia,IND,92574
388,Morvi,IND,90357
389,Baghdad,IRQ,4336000
390,Basra,IRQ,406296
391,Karbala,IRQ,296705
392,al-Diwaniya,IRQ,196519
393,Baquba,IRQ,114516
394,Tabriz,IRN,1191043
395,Ahvaz,IRN,804980
396,Zahedan,IRN,419518
397,Kerman,IRN,384991
398,Qazvin,IRN,291117
399,Bandar-e-Abbas,IRN,273578
400,Abadan,IRN,206073
401,Sari,IRN,195882
402,Khomeynishahr,IRN,165888
403,Babol,IRN,158346
404,Qaemshahr,IRN,143286
405,Sirjan,IRN,135024
406,Ilam,IRN,126346
407,Saqqez,IRN,115394
408,Varamin,IRN,107233
409,Shahrud,IRN,104765
410,Bandar-e Anzali,IRN,98500
411,Torbat-e Heydariyeh,IRN,94600
412,Qomsheh,IRN,89800
413,ReykjavÃ­k,ISL,109184
414,Rishon Le Ziyyon,ISR,188200
415,Petah Tiqwa,ISR,159400
416,Bene Beraq,ISR,133900
417,Rehovot,ISR,90300
418,Torino,ITA,903705
419,Bologna,ITA,381161
420,Venezia,ITA,277305
421,Trieste,ITA,216459
422,Reggio di Calabria,ITA,179617
423,Parma,ITA,168717
424,Foggia,ITA,154891
425,Ravenna,ITA,138418
426,Sassari,ITA,120803
427,Pescara,ITA,115698
428,ForlÃ¬,ITA,107475
429,Piacenza,ITA,98384
430,Catanzaro,ITA,96700
431,Torre del Greco,ITA,94505
432,Pisa,ITA,92379
433,Alessandria,ITA,90289
434,Wien,AUT,1608144
435,Salzburg,AUT,144247
436,Kingston,JAM,103962
437,Jokohama [Yokohama],JPN,3339594
438,Kioto,JPN,1461974
439,Kawasaki,JPN,1217359
440,Chiba,JPN,863930
441,Okayama,JPN,624269
442,Funabashi,JPN,545299
443,Niigata,JPN,497464
444,Urawa,JPN,469675
445,Kanazawa,JPN,455386
446,Utsunomiya,JPN,440353
447,Yokosuka,JPN,430200
448,Nishinomiya,JPN,397618
449,Fukuyama,JPN,376921
450,Nara,JPN,362812
451,Nagano,JPN,361391
452,Takamatsu,JPN,332471
453,Kawagoe,JPN,327211
454,Kashiwa,JPN,320296
455,Koshigaya,JPN,301446
456,Akashi,JPN,292253
457,Morioka,JPN,287353
458,Ichihara,JPN,279280
459,Tokushima,JPN,269649
460,Shimonoseki,JPN,257263
461,Hiratsuka,JPN,254207
462,Takasaki,JPN,239124
463,Fuji,JPN,231527
464,Atsugi,JPN,212407
465,Yamato,JPN,208234
466,Kasukabe,JPN,201838
467,Kofu,JPN,199753
468,Nagaoka,JPN,192407
469,Suzuka,JPN,184061
470,Takaoka,JPN,174380
471,Saga,JPN,170034
472,Izumi,JPN,166979
473,Ashikaga,JPN,165243
474,Tsukuba,JPN,160768
475,Moriguchi,JPN,155941
476,Oyama,JPN,152820
477,Kawanishi,JPN,149794
478,Tottori,JPN,147523
479,Ota,JPN,145317
480,Kadoma,JPN,138953
481,Yonago,JPN,136461
482,Joetsu,JPN,133505
483,Kakamigahara,JPN,131831
484,Urayasu,JPN,127550
485,Minoo,JPN,127026
486,Tondabayashi,JPN,125094
487,Matsusaka,JPN,123582
488,Noda,JPN,121030
489,Kawachinagano,JPN,119666
490,Habikino,JPN,118968
491,Kiryu,JPN,118326
492,Ebina,JPN,115571
493,Ikoma,JPN,111645
494,Mishima,JPN,109699
495,Komatsu,JPN,107937
496,Kokubunji,JPN,106996
497,Kusatsu,JPN,106232
498,Toda,JPN,103969
499,Fukaya,JPN,102156
500,Kamagaya,JPN,100821
501,Nishio,JPN,100032
502,Isehara,JPN,98123
503,Urasoe,JPN,96002
504,Maizuru,JPN,94784
505,Kimitsu,JPN,93216
506,Kameoka,JPN,92398
507,Kashiwazaki,JPN,91229
508,Taizz,YEM,317600
509,Ibb,YEM,103300
510,al-Rusayfa,JOR,137247
511,Beograd,YUG,1204000
512,Kragujevac,YUG,147305
513,Prizren,YUG,92303
514,Douala,CMR,1448300
515,Maroua,CMR,143000
516,MontrÃ©al,CAN,1016376
517,North York,CAN,622632
518,Scarborough,CAN,594501
519,London,CAN,339917
520,Surrey,CAN,304477
521,Saskatoon,CAN,193647
522,Burnaby,CAN,179209
523,Richmond,CAN,148867
524,Oakville,CAN,139192
525,Richmond Hill,CAN,116428
526,East York,CAN,114034
527,Gloucester,CAN,107314
528,Coquitlam,CAN,101820
529,Delta,CAN,95411
530,Praia,CPV,94800
531,Shymkent,KAZ,360100
532,Pavlodar,KAZ,300500
533,Qostanay,KAZ,221400
534,Qyzylorda,KAZ,157400
535,Ekibastuz,KAZ,127200
536,Zhezqazghan,KAZ,90000
537,Kisumu,KEN,192733
538,Meru,KEN,94947
539,Shanghai,CHN,9696300
540,Wuhan,CHN,4344600
541,Kanton [Guangzhou],CHN,4256300
542,XiÂ´an,CHN,2761400
543,Jinan,CHN,2278100
544,Taiyuan,CHN,1968400
545,Nanchang,CHN,1691600
546,Ningbo,CHN,1371200
547,Anshan,CHN,1200000
548,Qiqihar,CHN,1070000
549,Baotou,CHN,980000
550,Wuxi,CHN,830000
551,Yichun,CHN,800000
552,Xining,CHN,700200
553,Daqing,CHN,660000
554,Shantou,CHN,580000
555,Yinchuan,CHN,544500
556,Hegang,CHN,520000
557,Liaoyang,CHN,492559
558,Xinxiang,CHN,473762
559,Yantai,CHN,452127
560,Wuhu,CHN,425740
561,Anyang,CHN,420332
562,Zhuzhou,CHN,409924
563,Zhangjiang,CHN,400997
564,Yakeshi,CHN,377869
565,Huaibei,CHN,366549
566,Panjin,CHN,362773
567,Liaoyuan,CHN,354141
568,Chifeng,CHN,350077
569,Leshan,CHN,341128
570,Siping,CHN,317223
571,Chaozhou,CHN,313469
572,Foshan,CHN,303160
573,Changde,CHN,301276
574,Dongying,CHN,281728
575,Jingdezhen,CHN,281183
576,Tieli,CHN,265683
577,Mianyang,CHN,262947
578,Neijiang,CHN,256012
579,Wafangdian,CHN,251733
580,Chengde,CHN,246799
581,Cangzhou,CHN,242708
582,Yanji,CHN,230892
583,Suihua,CHN,227881
584,Ganzhou,CHN,220129
585,Shangzi,CHN,215373
586,Jiangyin,CHN,213659
587,Wuzhou,CHN,210452
588,Haicheng,CHN,205560
589,BeiÂ´an,CHN,204899
590,Acheng,CHN,197595
591,Zhaoqing,CHN,194784
592,Xinyang,CHN,192509
593,Honghu,CHN,190772
594,Linfen,CHN,187309
595,Quanzhou,CHN,185154
596,Changshu,CHN,181805
597,Nanchong,CHN,180273
598,Fuyang,CHN,179572
599,Ghulja,CHN,177193
600,Jiangyou,CHN,175753
601,Fuling,CHN,173878
602,Chenzhou,CHN,169400
603,Zhuhai,CHN,164747
604,Xiaoshan,CHN,162930
605,Hami,CHN,161315
606,Ulanhot,CHN,159538
607,RuiÂ´an,CHN,156468
608,Taizhou,CHN,152442
609,Taonan,CHN,150168
610,Langfang,CHN,148105
611,Yulin,CHN,144467
612,Suizhou,CHN,142302
613,Longjing,CHN,139417
614,Xianning,CHN,136811
615,Jincheng,CHN,136396
616,Hailun,CHN,133565
617,Wuwei,CHN,133101
618,Changji,CHN,132260
619,Tiefa,CHN,131807
620,Weihai,CHN,128888
621,Qidong,CHN,126872
622,Kaiyuan,CHN,124219
623,Laohekou,CHN,123366
624,Jiaonan,CHN,121397
625,Manzhouli,CHN,120023
626,Puqi,CHN,117264
627,Renqiu,CHN,114256
628,YanÂ´an,CHN,113277
629,Quzhou,CHN,112373
630,Yizheng,CHN,109268
631,Yuncheng,CHN,108359
632,Bozhou,CHN,106346
633,Suqian,CHN,105021
634,Fujin,CHN,103104
635,Huangshan,CHN,102628
636,Haining,CHN,100478
637,Xinzhou,CHN,98667
638,YaÂ´an,CHN,95900
639,Enshi,CHN,93056
640,Tumen,CHN,91471
641,Xilin Hot,CHN,90646
642,Pingyi,CHN,89373
643,Osh,KGZ,222700
644,Cali,COL,2077386
645,Cartagena,COL,805757
646,Pereira,COL,381725
647,Bello,COL,333470
648,Armenia,COL,288977
649,Valledupar,COL,263247
650,Buenaventura,COL,224336
651,PopayÃ¡n,COL,200719
652,Envigado,COL,135848
653,Buga,COL,110699
654,Sogamoso,COL,107728
655,Brazzaville,COG,950000
656,Mbuji-Mayi,COD,806475
657,Kananga,COD,393030
658,Tshikapa,COD,180860
659,Mwene-Ditu,COD,137459
660,Goma,COD,109094
661,West Island,CCK,167
662,Nampo,PRK,566200
663,Phyongsong,PRK,272934
664,Kimchaek,PRK,179000
665,Seoul,KOR,9981619
666,Taejon,KOR,1425835
667,Songnam,KOR,869094
668,Chonju,KOR,563153
669,Ansan,KOR,510314
670,Kwangmyong,KOR,350914
671,Iksan,KOR,322685
672,Kyongju,KOR,272968
673,Kimhae,KOR,256370
674,Wonju,KOR,237460
675,Namyangju,KOR,229060
676,Yosu,KOR,183596
677,Yangsan,KOR,163351
678,Kimchon,KOR,147027
679,Chong-up,KOR,139111
680,Tong-yong,KOR,131717
681,Chinhae,KOR,125997
682,Miryang,KOR,121501
683,Yongchon,KOR,113511
684,Namwon,KOR,103544
685,Athenai,GRC,772072
686,Peristerion,GRC,137288
687,Larisa,GRC,113090
688,Osijek,HRV,104761
689,CamagÃ¼ey,CUB,298726
690,Pinar del RÃ­o,CUB,142100
691,Victoria de las Tunas,CUB,132350
692,Ciego de Ãvila,CUB,98505
693,Kuwait,KWT,28859
694,Savannakhet,LAO,96652
695,Liepaja,LVA,89439
696,Monrovia,LBR,850000
697,Misrata,LBY,121669
698,Vilnius,LTU,577969
699,Å iauliai,LTU,146563
700,Macao,MAC,437500
701,AntsirabÃ©,MDG,120239
702,Blantyre,MWI,478155
703,Kuala Lumpur,MYS,1297526
704,Kelang,MYS,243355
705,Kota Bharu,MYS,219582
706,Kuching,MYS,148059
707,Alor Setar,MYS,124412
708,Bamako,MLI,809552
709,Casablanca,MAR,2940623
710,Tanger,MAR,521735
711,Oujda,MAR,365382
712,Agadir,MAR,155244
713,Beni-Mellal,MAR,140212
714,Ksar el Kebir,MAR,107065
715,El Araich,MAR,90400
716,NouÃ¢dhibou,MRT,97600
717,Vacoas-Phoenix,MUS,98464
718,Ecatepec de Morelos,MEX,1620303
719,JuÃ¡rez,MEX,1217818
720,Zapopan,MEX,1002239
721,CuliacÃ¡n,MEX,744859
722,Chihuahua,MEX,670208
723,Toluca,MEX,665617
724,Hermosillo,MEX,608697
725,Centro (Villahermosa),MEX,519873
726,Tlaquepaque,MEX,475472
727,CuautitlÃ¡n Izcalli,MEX,452976
728,Reynosa,MEX,419776
729,Xalapa,MEX,390058
730,Ahome,MEX,358663
731,TonalÃ¡,MEX,336109
732,Tampico,MEX,294789
733,Guasave,MEX,277201
734,Coatzacoalcos,MEX,267037
735,Oaxaca de JuÃ¡rez,MEX,256848
736,Salamanca,MEX,226864
737,Chalco,MEX,222201
738,OthÃ³n P. Blanco (Chetumal),MEX,208014
739,Metepec,MEX,194265
740,Puerto Vallarta,MEX,183741
741,Soledad de Graciano SÃ¡nchez,MEX,179956
742,TecÃ¡mac,MEX,172410
743,LÃ¡zaro CÃ¡rdenas,MEX,170878
744,Zamora,MEX,161191
745,Cuautla,MEX,153132
746,Navolato,MEX,145396
747,San AndrÃ©s Tuxtla,MEX,142251
748,Boca del RÃ­o,MEX,135721
749,Macuspana,MEX,133795
750,Guaymas,MEX,130108
751,Lagos de Moreno,MEX,127949
752,San Pedro Garza GarcÃ­a,MEX,126147
753,Iguala de la Independencia,MEX,123883
754,Zinacantepec,MEX,121715
755,MartÃ­nez de la Torre,MEX,118815
756,Delicias,MEX,116132
757,Lerdo,MEX,112272
758,Guadalupe,MEX,108881
759,Los Cabos,MEX,105199
760,Temapache,MEX,102824
761,San Francisco del RincÃ³n,MEX,100149
762,Lerma,MEX,99714
763,Cosoleacaque,MEX,97199
764,San Felipe,MEX,95305
765,Salvatierra,MEX,94322
766,PÃ¡nuco,MEX,90551
767,Weno,FSM,22000
768,Balti,MDA,153400
769,Monaco-Ville,MCO,1234
770,Matola,MOZ,424662
771,Chimoio,MOZ,171056
772,Tete,MOZ,101984
773,Maxixe,MOZ,93985
774,Pegu (Bago),MMR,190900
775,Sittwe (Akyab),MMR,137600
776,Lashio (Lasho),MMR,107600
777,Myingyan,MMR,103600
778,Yangor,NRU,4050
779,Biratnagar,NPL,157764
780,Managua,NIC,959000
781,Masaya,NIC,88971
782,Lagos,NGA,1518000
783,Kano,NGA,674100
784,Port Harcourt,NGA,410000
785,Onitsha,NGA,371900
786,Kaduna,NGA,342200
787,Enugu,NGA,316100
788,Ila,NGA,264000
789,Benin City,NGA,229400
790,Sokoto,NGA,204900
791,Ikorodu,NGA,184900
792,Shaki,NGA,174500
793,Akure,NGA,162300
794,Kumo,NGA,148000
795,Ikare,NGA,140800
796,Warri,NGA,126100
797,Makurdi,NGA,123100
798,Awka,NGA,111200
799,Ejigbo,NGA,105900
800,Epe,NGA,101000
801,Oslo,NOR,508726
802,BÃ¦rum,NOR,101340
803,Yamoussoukro,CIV,130000
804,Salala,OMN,131813
805,Masqat,OMN,51969
806,Rawalpindi,PAK,1406214
807,Gujranwala,PAK,1124749
808,Sargodha,PAK,455360
809,Sukkur,PAK,329176
810,Gujrat,PAK,250121
811,Rahim Yar Khan,PAK,228479
812,Dera Ghazi Khan,PAK,188100
813,Mingora,PAK,174500
814,Jhelum,PAK,145800
815,Shikarpur,PAK,133300
816,Muzaffargarh,PAK,121600
817,Bahawalnagar,PAK,109600
818,Tando Adam,PAK,103400
819,Chishtian Mandi,PAK,101700
820,Ahmadpur East,PAK,96000
821,Vihari,PAK,92300
822,Koror,PLW,12000
823,Port Moresby,PNG,247000
824,LambarÃ©,PRY,99681
825,Arequipa,PER,762000
826,Iquitos,PER,367000
827,Piura,PER,325000
828,Ica,PER,194820
829,HuÃ¡nuco,PER,129688
830,Puno,PER,101578
831,Adamstown,PCN,42
832,Amadora,PRT,122106
833,San Juan,PRI,434374
834,Caguas,PRI,140502
835,MayagÃ¼ez,PRI,98434
836,KrakÃ³w,POL,738150
837,Gdansk,POL,458988
838,Katowice,POL,345934
839,Gdynia,POL,253521
840,Gliwice,POL,212164
841,Zabrze,POL,200177
842,Ruda Slaska,POL,159665
843,Tychy,POL,133178
844,Opole,POL,129553
845,ChorzÃ³w,POL,121708
846,Legnica,POL,109335
847,Slupsk,POL,102370
848,Malabo,GNQ,40000
849,Marseille,FRA,798430
850,Nantes,FRA,270251
851,Bordeaux,FRA,215363
852,Lille,FRA,184657
853,Grenoble,FRA,153317
854,Le Mans,FRA,146105
855,Aix-en-Provence,FRA,134222
856,Villeurbanne,FRA,124215
857,Caen,FRA,113987
858,Boulogne-Billancourt,FRA,106367
859,Roubaix,FRA,96984
860,Cayenne,GUF,50699
861,Saint-Denis,REU,131480
862,Cluj-Napoca,ROM,332498
863,Brasov,ROM,314225
864,Oradea,ROM,222239
865,Arad,ROM,184408
866,Buzau,ROM,148372
867,Piatra Neamt,ROM,125070
868,TÃ¢rgoviste,ROM,98980
869,Tulcea,ROM,96278
870,Gothenburg [GÃ¶teborg],SWE,466990
871,LinkÃ¶ping,SWE,133168
872,Helsingborg,SWE,117737
873,Lund,SWE,98948
874,Jamestown,SHN,1500
875,Kingstown,VCT,17100
876,Munich [MÃ¼nchen],DEU,1194560
877,Essen,DEU,599515
878,Bremen,DEU,540330
879,Leipzig,DEU,489532
880,Wuppertal,DEU,368993
881,Bonn,DEU,301048
882,MÃ¼nster,DEU,264670
883,Augsburg,DEU,254867
884,Krefeld,DEU,241769
885,Oberhausen,DEU,222349
886,Freiburg im Breisgau,DEU,202455
887,SaarbrÃ¼cken,DEU,183836
888,MÃ¼lheim an der Ruhr,DEU,173895
889,Ludwigshafen am Rhein,DEU,163771
890,Heidelberg,DEU,139672
891,Potsdam,DEU,128983
892,GÃ¶ttingen,DEU,124775
893,Bottrop,DEU,121097
894,Offenbach am Main,DEU,116627
895,Gera,DEU,114718
896,FÃ¼rth,DEU,109771
897,Moers,DEU,106837
898,Witten,DEU,103384
899,Kaiserslautern,DEU,100025
900,GÃ¼tersloh,DEU,95028
901,DÃ¼ren,DEU,91092
902,Honiara,SLB,50100
903,Kitwe,ZMB,288600
904,Luanshya,ZMB,118100
905,San Marino,SMR,2294
906,Mekka,SAU,965700
907,al-Taif,SAU,416100
908,al-Mubarraz,SAU,219100
909,al-Kharj,SAU,152100
910,al-Tuqba,SAU,125700
911,AraÂ´ar,SAU,108100
912,Najran,SAU,91000
913,ThiÃ¨s,SEN,248000
914,Saint-Louis,SEN,132400
915,Victoria,SYC,41000
916,KoÅ¡ice,SVK,241874
917,Maribor,SVN,115532
918,Colombo,LKA,645000
919,Jaffna,LKA,149000
920,Omdurman,SDN,1271403
921,Port Sudan,SDN,308195
922,Wad Madani,SDN,211362
923,al-Fashir,SDN,141884
924,Tampere,FIN,195468
925,Oulu,FIN,120753
926,ZÃ¼rich,CHE,336800
927,Bern,CHE,122700
928,Hims,SYR,507404
929,al-Qamishliya,SYR,144286
930,al-Raqqa,SYR,108020
931,Khujand,TJK,161500
932,Tainan,TWN,728060
933,Keelung (Chilung),TWN,385201
934,Chungli,TWN,318649
935,Chiayi,TWN,265109
936,Tucheng,TWN,224897
937,Pingchen,TWN,188344
938,Fengyuan,TWN,161032
939,Shulin,TWN,151260
940,Kueishan,TWN,112195
941,Hualien,TWN,108407
942,Tsaotun,TWN,96800
943,Miaoli,TWN,90000
944,Zanzibar,TZA,157634
945,Morogoro,TZA,117800
946,KÃ¸benhavn,DNK,495699
947,Aalborg,DNK,161161
948,Nakhon Ratchasima,THA,181400
949,Hat Yai,THA,148632
950,Ubon Ratchathani,THA,116300
951,LomÃ©,TGO,375000
952,Port-of-Spain,TTO,43396
953,Praha,CZE,1181126
954,Olomouc,CZE,102702
955,Hradec KrÃ¡lovÃ©,CZE,98080
956,Sfax,TUN,257800
957,Sousse,TUN,145900
958,Istanbul,TUR,8787958
959,Adana,TUR,1131198
960,Mersin (IÃ§el),TUR,587212
961,Kayseri,TUR,475657
962,Malatya,TUR,330312
963,Sivas,TUR,246642
964,ElÃ¢zig,TUR,228815
965,Izmit (Kocaeli),TUR,210068
966,Sakarya (Adapazari),TUR,190641
967,Ã‡orum,TUR,145495
968,Adiyaman,TUR,141529
969,Aydin,TUR,128651
970,Isparta,TUR,121911
971,Alanya,TUR,117300
972,Viransehir,TUR,106400
973,Afyon,TUR,103984
974,Bismil,TUR,101400
975,Kars,TUR,93000
976,ChÃ¤rjew,TKM,189200
977,Cockburn Town,TCA,4800
978,Harkova [Harkiv],UKR,1500000
979,Odesa,UKR,1011000
980,Mykolajiv,UKR,508000
981,Vinnytsja,UKR,391000
982,Simferopol,UKR,339000
983,TÅ¡erkasy,UKR,309000
984,Dniprodzerzynsk,UKR,270000
985,TÅ¡ernivtsi,UKR,259000
986,Ternopil,UKR,236000
987,Kramatorsk,UKR,186000
988,Berdjansk,UKR,130000
989,Slovjansk,UKR,127000
990,Jevpatorija,UKR,112000
991,Krasnyi LutÅ¡,UKR,101000
992,Kostjantynivka,UKR,95000
993,Å ostka,UKR,90000
994,Budapest,HUN,1811552
995,Szeged,HUN,158158
996,KecskemÃ©t,HUN,105606
997,NoumÃ©a,NCL,76293
998,North Shore,NZL,187700
999,Dunedin,NZL,119600
0,Kabul,AFG,1780000
1,Qandahar,AFG,237500
2,Amsterdam,NLD,731200
3,Utrecht,NLD,234323
4,Eindhoven,NLD,201843
5,Breda,NLD,160398
6,Enschede,NLD,149544
7,Haarlem,NLD,148772
8,Zaanstad,NLD,135621
9,Maastricht,NLD,122087
10,Dordrecht,NLD,119811
11,Zoetermeer,NLD,110214
12,Ede,NLD,101574
13,Delft,NLD,95268
14,Willemstad,ANT,2345
15,Oran,DZA,609823
16,Constantine,DZA,443727
17,SÃ©tif,DZA,179055
18,Biskra,DZA,128281
19,Blida (el-Boulaida),DZA,127284
20,TÃ©bessa,DZA,112007
21,Tiaret,DZA,100118
22,Ech-Chleff (el-Asnam),DZA,96794
23,Fagatogo,ASM,2323
24,Huambo,AGO,163100
25,Lobito,AGO,130000
26,South Hill,AIA,961
27,Dubai,ARE,669181
28,Abu Dhabi,ARE,398695
29,Ajman,ARE,114395
30,CÃ³rdoba,ARG,1157507
31,Rosario,ARG,907718
32,Almirante Brown,ARG,538918
33,San Miguel de TucumÃ¡n,ARG,470809
34,LanÃºs,ARG,469735
35,Salta,ARG,367550
36,Avellaneda,ARG,353046
37,Tres de Febrero,ARG,352311
38,San Isidro,ARG,306341
39,Vicente LÃ³pez,ARG,288341
40,Berazategui,ARG,276916
41,BahÃ­a Blanca,ARG,239810
42,JosÃ© C. Paz,ARG,221754
43,ParanÃ¡,ARG,207041
44,GuaymallÃ©n,ARG,200595
45,Hurlingham,ARG,170028
46,NeuquÃ©n,ARG,167296
47,Formosa,ARG,147636
48,San Fernando del Valle de Cata,ARG,134935
49,RÃ­o Cuarto,ARG,134355
50,San NicolÃ¡s de los Arroyos,ARG,119302
51,Concordia,ARG,116485
52,Pilar,ARG,113428
53,San Rafael,ARG,94651
54,Gjumri,ARM,211700
55,Vanadzor,ARM,172700
56,Melbourne,AUS,2865329
57,Adelaide,AUS,978100
58,Canberra,AUS,322723
59,Central Coast,AUS,227657
60,Geelong,AUS,125382
61,Townsville,AUS,109914
62,GÃ¤ncÃ¤,AZE,299300
63,Nassau,BHS,172000
64,al-Manama,BHR,148000
65,Khulna,BGD,663340
66,Rangpur,BGD,191398
67,Mymensingh,BGD,188713
68,Jessore,BGD,139710
69,Dinajpur,BGD,127815
70,Bogra,BGD,120170
71,Tangail,BGD,106004
72,Naogaon,BGD,101266
73,Sirajganj,BGD,99669
74,Gazipur,BGD,96717
75,Gent,BEL,224180
76,Charleroi,BEL,200827
77,Brugge,BEL,116246
78,Mons,BEL,90935
79,Belize City,BLZ,55810
80,Porto-Novo,BEN,194000
81,Saint George,BMU,1800
82,Hamilton,BMU,1200
83,La Paz,BOL,758141
84,Oruro,BOL,223553
85,Sucre,BOL,178426
86,Sarajevo,BIH,360000
87,Gaborone,BWA,213017
88,Francistown,BWA,101805
89,Salvador,BRA,2302832
90,BrasÃ­lia,BRA,1969868
91,Curitiba,BRA,1584232
92,Manaus,BRA,1255049
93,GoiÃ¢nia,BRA,1056330
94,Campinas,BRA,950043
95,SÃ£o LuÃ­s,BRA,837588
96,SÃ£o Bernardo do Campo,BRA,723132
97,Teresina,BRA,691942
98,Campo Grande,BRA,649593
99,JaboatÃ£o dos Guararapes,BRA,558680
100,Contagem,BRA,520801
101,Feira de Santana,BRA,479992
102,NiterÃ³i,BRA,459884
103,CuiabÃ¡,BRA,453813
104,SÃ£o JoÃ£o de Meriti,BRA,440052
105,Belford Roxo,BRA,425194
106,Santos,BRA,408748
107,MauÃ¡,BRA,375055
108,Campina Grande,BRA,352497
109,SÃ£o JosÃ© do Rio Preto,BRA,351944
110,Diadema,BRA,335078
111,Cariacica,BRA,319033
112,Vila Velha,BRA,318758
113,Porto Velho,BRA,309750
114,JundÃ­aÃ­,BRA,296127
115,Canoas,BRA,294125
116,MaringÃ¡,BRA,286461
117,FlorianÃ³polis,BRA,281928
118,PetrÃ³polis,BRA,279183
119,Ponta Grossa,BRA,268013
120,MacapÃ¡,BRA,256033
121,IlhÃ©us,BRA,254970
122,Paulista,BRA,248473
123,Caruaru,BRA,244247
124,SantarÃ©m,BRA,241771
125,Caucaia,BRA,238738
126,GuarujÃ¡,BRA,237206
127,RibeirÃ£o das Neves,BRA,232685
128,Imperatriz,BRA,224564
129,MossorÃ³,BRA,214901
130,VÃ¡rzea Grande,BRA,214435
131,ViamÃ£o,BRA,207557
132,Juazeiro do Norte,BRA,199636
133,TaboÃ£o da Serra,BRA,197550
134,Suzano,BRA,195434
135,SÃ£o Carlos,BRA,187122
136,SumarÃ©,BRA,186205
137,Sete Lagoas,BRA,182984
138,JequiÃ©,BRA,179128
139,Arapiraca,BRA,178988
140,Alvorada,BRA,175574
141,Santa BÃ¡rbara dÂ´Oeste,BRA,171657
142,Nova Friburgo,BRA,170697
143,Barra Mansa,BRA,168953
144,CriciÃºma,BRA,167661
145,Boa Vista,BRA,167185
146,Santa Luzia,BRA,164704
147,Guarapuava,BRA,160510
148,RondonÃ³polis,BRA,155115
149,NilÃ³polis,BRA,153383
150,CamaÃ§ari,BRA,149146
151,Sobral,BRA,146005
152,Cotia,BRA,140042
153,Indaiatuba,BRA,135968
154,HortolÃ¢ndia,BRA,135755
155,Itu,BRA,132736
156,PoÃ§os de Caldas,BRA,129683
157,TeresÃ³polis,BRA,128079
158,Alagoinhas,BRA,126820
159,ParanaguÃ¡,BRA,126076
160,IbiritÃ©,BRA,125982
161,MacaÃ©,BRA,125597
162,Palmas,BRA,121919
163,Pindamonhangaba,BRA,121904
164,Sapucaia do Sul,BRA,120217
165,Patos de Minas,BRA,119262
166,Camaragibe,BRA,118968
167,AraguaÃ­na,BRA,114948
168,Santa Rita,BRA,113135
169,Barbacena,BRA,113079
170,Lauro de Freitas,BRA,109236
171,Varginha,BRA,108314
172,RibeirÃ£o Pires,BRA,108121
173,Rio Verde,BRA,107755
174,Santa Cruz do Sul,BRA,106734
175,Linhares,BRA,106278
176,GuaratinguetÃ¡,BRA,103433
177,JaraguÃ¡ do Sul,BRA,102580
178,CubatÃ£o,BRA,102372
179,Araras,BRA,101046
180,Pouso Alegre,BRA,100028
181,Toledo,BRA,99387
182,Araguari,BRA,98399
183,SertÃ£ozinho,BRA,98140
184,Conselheiro Lafaiete,BRA,97507
185,EunÃ¡polis,BRA,96610
186,Parnamirim,BRA,96210
187,Jacobina,BRA,96131
188,TatuÃ­,BRA,93897
189,CametÃ¡,BRA,92779
190,GuaÃ­ba,BRA,92224
191,Votorantim,BRA,91777
192,Ituiutaba,BRA,90507
193,CorumbÃ¡,BRA,90111
194,Bento GonÃ§alves,BRA,89254
195,London,GBR,7285000
196,Birmingham,GBR,1013000
197,Edinburgh,GBR,450180
198,Leeds,GBR,424194
199,Bristol,GBR,402000
200,Leicester,GBR,294000
201,Nottingham,GBR,287000
202,Kingston upon Hull,GBR,262000
203,Wolverhampton,GBR,242000
204,Southampton,GBR,216000
205,Aberdeen,GBR,213070
206,Portsmouth,GBR,190000
207,Luton,GBR,183000
208,Swindon,GBR,180000
209,Bournemouth,GBR,162000
210,Blackpool,GBR,151000
211,Dundee,GBR,146690
212,Oldbury/Smethwick (Warley),GBR,145542
213,Oxford,GBR,144000
214,Poole,GBR,141000
215,Newport,GBR,139000
216,Norwich,GBR,124000
217,Rotherham,GBR,121380
218,Ipswich,GBR,114000
219,Cheltenham,GBR,106000
220,Gloucester,GBR,107000
221,York,GBR,104425
222,Worthing,GBR,100000
223,Chelmsford,GBR,97451
224,Gillingham,GBR,92000
225,Birkenhead,GBR,93087
226,Worcester,GBR,95000
227,Woking/Byfleet,GBR,92000
228,Eastbourne,GBR,90000
229,Grimsby,GBR,89000
230,Road Town,VGB,8000
231,Plovdiv,BGR,342584
232,Varna,BGR,299801
233,Stara Zagora,BGR,147939
234,Dobric,BGR,100399
235,Å umen,BGR,94686
236,Koudougou,BFA,105000
237,Santiago de Chile,CHL,4703954
238,Puente Alto,CHL,386236
239,Talcahuano,CHL,277752
240,Temuco,CHL,233041
241,ConcepciÃ³n,CHL,217664
242,Talca,CHL,187557
243,Los Angeles,CHL,158215
244,Puerto Montt,CHL,152194
245,La Serena,CHL,137409
246,Punta Arenas,CHL,125631
247,CopiapÃ³,CHL,120128
248,Ovalle,CHL,94854
249,Melipilla,CHL,91056
250,Avarua,COK,11900
251,Roseau,DMA,16243
252,La Romana,DOM,140204
253,San Pedro de MacorÃ­s,DOM,124735
254,Guayaquil,ECU,2070040
255,Machala,ECU,210368
256,Santo Domingo de los Colorados,ECU,202111
257,Manta,ECU,164739
258,Quevedo,ECU,129631
259,Milagro,ECU,124177
260,Esmeraldas,ECU,123045
261,Giza,EGY,2221868
262,Shubra al-Khayma,EGY,870716
263,al-Mahallat al-Kubra,EGY,395402
264,Luxor,EGY,360503
265,Asyut,EGY,343498
266,al-Faiyum,EGY,260964
267,Assuan,EGY,219017
268,Damanhur,EGY,212203
269,Qina,EGY,171275
270,Bulaq al-Dakrur,EGY,148787
271,Banha,EGY,145792
272,Mallawi,EGY,119283
273,al-Arish,EGY,100447
274,Talkha,EGY,97700
275,Idfu,EGY,94200
276,San Salvador,SLV,415346
277,Santa Ana,SLV,139389
278,San Miguel,SLV,127696
279,Asmara,ERI,431000
280,Madrid,ESP,2879052
281,Sevilla,ESP,701927
282,Bilbao,ESP,357589
283,Las Palmas de Gran Canaria,ESP,354757
284,Valladolid,ESP,319998
285,Alicante [Alacant],ESP,272432
286,GijÃ³n,ESP,267980
287,A CoruÃ±a (La CoruÃ±a),ESP,243402
288,Badalona,ESP,209635
289,Oviedo,ESP,200453
290,Sabadell,ESP,184859
291,Pamplona [IruÃ±a],ESP,180483
292,Donostia-San SebastiÃ¡n,ESP,179208
293,Fuenlabrada,ESP,171173
294,AlcalÃ¡ de Henares,ESP,164463
295,Burgos,ESP,162802
296,Getafe,ESP,145371
297,Huelva,ESP,140583
298,LeÃ³n,ESP,139809
299,[San CristÃ³bal de] la Laguna,ESP,127945
300,Tarragona,ESP,113016
301,Lleida (LÃ©rida),ESP,112207
302,MatarÃ³,ESP,104095
303,Barakaldo,ESP,98212
304,Dos Hermanas,ESP,94591
305,Cape Town,ZAF,2352121
306,Port Elizabeth,ZAF,752319
307,Pretoria,ZAF,658630
308,Vanderbijlpark,ZAF,468931
309,Pinetown,ZAF,378810
310,Pietermaritzburg,ZAF,370190
311,Umlazi,ZAF,339233
312,Wonderboom,ZAF,283289
313,Roodepoort,ZAF,279340
314,Soshanguve,ZAF,242727
315,Welkom,ZAF,203296
316,Kimberley,ZAF,197254
317,Mdantsane,ZAF,182639
318,Brakpan,ZAF,171363
319,Witbank,ZAF,167183
320,Springs,ZAF,162072
321,Paarl,ZAF,105768
322,Potchefstroom,ZAF,101817
323,George,ZAF,93818
324,Dire Dawa,ETH,164851
325,Nazret,ETH,127842
326,Mekele,ETH,96938
327,Suva,FJI,77366
328,Quezon,PHL,2173831
329,Davao,PHL,1147116
330,Pasig,PHL,505058
331,Valenzuela,PHL,485433
332,Taguig,PHL,467375
333,Makati,PHL,444867
334,Bacolod,PHL,429076
335,DasmariÃ±as,PHL,379520
336,Pasay,PHL,354908
337,Malabon,PHL,338855
338,Iligan,PHL,285061
339,Butuan,PHL,267279
340,Angeles,PHL,263971
341,Baguio,PHL,252386
342,San Pedro,PHL,231403
343,Navotas,PHL,230403
344,Lipa,PHL,218447
345,BiÃ±an,PHL,201186
346,Taytay,PHL,198183
347,Olongapo,PHL,194260
348,Tagum,PHL,179531
349,Tacloban,PHL,178639
350,Cotabato,PHL,163849
351,Legazpi,PHL,157010
352,Silang,PHL,156137
353,Kabankalan,PHL,149769
354,Calbayog,PHL,147187
355,Santa Maria,PHL,144282
356,Bago,PHL,141721
357,San Mateo,PHL,135603
358,Panabo,PHL,133950
359,Dagupan,PHL,130328
360,Lubao,PHL,125699
361,Digos,PHL,125171
362,Tuguegarao,PHL,120645
363,Surigao,PHL,118534
364,San Carlos,PHL,118259
365,Concepcion,PHL,115171
366,Malasiqui,PHL,113190
367,General Mariano Alvarez,PHL,112446
368,San Jose,PHL,111009
369,Tanza,PHL,110517
370,Ozamis,PHL,110420
371,Silay,PHL,107722
372,Cabuyao,PHL,106630
373,Calapan,PHL,105910
374,Cauayan,PHL,103952
375,San Fernando,PHL,102082
376,Arayat,PHL,101792
377,Daraga (Locsin),PHL,101031
378,Dipolog,PHL,99862
379,Cavite,PHL,99367
380,Talavera,PHL,97329
381,Nasugbu,PHL,96113
382,Baybay,PHL,95630
383,Laoag,PHL,94466
384,Santa Cruz,PHL,92694
385,Sorsogon,PHL,92512
386,TÃ³rshavn,FRO,14542
387,Banjul,GMB,42326
388,Tbilisi,GEO,1235200
389,Batumi,GEO,137700
390,Kumasi,GHA,385192
391,Tamale,GHA,151069
392,Gibraltar,GIB,27025
393,Les Abymes,GLP,62947
394,Basse-Terre,GLP,12433
395,Ciudad de Guatemala,GTM,823301
396,Quetzaltenango,GTM,90801
397,Conakry,GIN,1090610
398,Port-au-Prince,HTI,884472
399,Le-Cap-HaÃ¯tien,HTI,102233
400,Tegucigalpa,HND,813900
401,Kowloon and New Kowloon,HKG,1987996
402,Jakarta,IDN,9604900
403,Surabaya,IDN,2663820
404,Palembang,IDN,1222764
405,Ujung Pandang,IDN,1060257
406,Malang,IDN,716862
407,Padang,IDN,534474
408,Pekan Baru,IDN,438638
409,Denpasar,IDN,435000
410,Samarinda,IDN,399175
411,Cimahi,IDN,344600
412,Balikpapan,IDN,338752
413,Pekalongan,IDN,301504
414,Ciputat,IDN,270800
415,Pondokgede,IDN,263200
416,Ambon,IDN,249312
417,Cimanggis,IDN,205100
418,Pematang Siantar,IDN,203056
419,Tasikmalaya,IDN,179800
420,Karawang,IDN,145000
421,Banda Aceh,IDN,143409
422,Kupang,IDN,129300
423,Binjai,IDN,127222
424,Sukabumi,IDN,125766
425,Magelang,IDN,123800
426,Probolinggo,IDN,120770
427,Cilegon,IDN,117000
428,Lhokseumawe,IDN,109600
429,Citeureup,IDN,105100
430,Pemalang,IDN,103500
431,Cibinong,IDN,101300
432,Purwakarta,IDN,95900
433,Garut,IDN,95800
434,Jaya Pura,IDN,94700
435,Pondok Aren,IDN,92700
436,Jombang,IDN,92600
437,Padang Sidempuan,IDN,91200
438,Tanjung Pinang,IDN,89900
439,Mumbai (Bombay),IND,10500000
440,Chennai (Madras),IND,3841396
441,Bangalore,IND,2660088
442,Kanpur,IND,1874409
443,Pune,IND,1566651
444,Indore,IND,1091674
445,Bhopal,IND,1062771
446,Kalyan,IND,1014557
447,Varanasi (Benares),IND,929270
448,Patna,IND,917243
449,Coimbatore,IND,816321
450,Meerut,IND,753778
451,Vishakhapatnam,IND,752037
452,Faridabad,IND,703592
453,Jodhpur,IND,666279
454,Nashik (Nasik),IND,656925
455,Ranchi,IND,599306
456,Shambajinagar (Aurangabad),IND,573272
457,Cochin (Kochi),IND,564589
458,Thiruvananthapuram (Trivandrum,IND,524006
459,Gorakhpur,IND,505566
460,Chandigarh,IND,504094
461,Guntur,IND,471051
462,Warangal,IND,447657
463,Raipur,IND,438639
464,Amravati,IND,421576
465,Bhubaneswar,IND,411542
466,Kolhapur,IND,406370
467,Bhavnagar,IND,402338
468,Bhiwandi,IND,379070
469,Saharanpur,IND,374945
470,Ujjain,IND,362266
471,Bokaro Steel City,IND,333683
472,Akola,IND,328034
473,Nellore,IND,316606
474,Bhatpara,IND,304952
475,Gulbarga,IND,304099
476,Gaya,IND,291675
477,Panihati,IND,275990
478,Nanded (Nander),IND,275083
479,Kamarhati,IND,266889
480,Bhagalpur,IND,253225
481,Bellary,IND,245391
482,Jalgaon,IND,242193
483,Muzaffarnagar,IND,240609
484,Patiala,IND,238368
485,Tiruppur (Tirupper),IND,235661
486,Mathura,IND,226691
487,Chandrapur,IND,226105
488,Siliguri (Shiliguri),IND,216950
489,Panipat,IND,215218
490,Firozabad,IND,215128
491,Ramagundam,IND,214384
492,Alwar,IND,205086
493,Pondicherry,IND,203065
494,Tuticorin,IND,199854
495,Sagar,IND,195346
496,Farrukhabad-cum-Fatehgarh,IND,194567
497,Nagar Coil,IND,190084
498,Bally,IND,184474
499,Bhilwara,IND,183965
500,Dindigul,IND,182477
501,Shimoga,IND,179258
502,Kharagpur,IND,177989
503,Jalna,IND,174985
504,Allappuzha (Alleppey),IND,174666
505,Tirupati,IND,174369
506,Hisar (Hissar),IND,172677
507,Secunderabad,IND,167461
508,Nadiad,IND,167051
509,Ganganagar,IND,161482
510,Machilipatnam (Masulipatam),IND,159110
511,Bhatinda (Bathinda),IND,159042
512,Arrah (Ara),IND,157082
513,Aizawl,IND,155240
514,Uluberia,IND,155172
515,Hugli-Chinsurah,IND,151806
516,Sambhal,IND,150869
517,Durg,IND,150645
518,North Dum Dum,IND,149965
519,Sikar,IND,148272
520,Hardwar (Haridwar),IND,147305
521,Noida,IND,146514
522,Khandwa,IND,145133
523,Yamuna Nagar,IND,144346
524,Raurkela Civil Township,IND,140408
525,Ingraj Bazar (English Bazar),IND,139204
526,Timkur,IND,138903
527,Chapra,IND,136877
528,Adoni,IND,136182
529,Jaunpur,IND,136062
530,Gadag Betigeri,IND,134051
531,Barrackpur,IND,133265
532,Bharuch (Broach),IND,133102
533,Sambalpur,IND,131138
534,Rewa,IND,128981
535,Gurgaon,IND,128608
536,Navsari,IND,126089
537,Miraj,IND,125407
538,Raj Nandgaon,IND,125371
539,Navadwip,IND,125037
540,Faizabad,IND,124437
541,Etawah,IND,124072
542,Palghat (Palakkad),IND,123289
543,Ambala,IND,122596
544,Sitapur,IND,121842
545,Bhimavaram,IND,121314
546,Mandya,IND,120265
547,Dibrugarh,IND,120127
548,Neyveli,IND,118080
549,Budaun,IND,116695
550,Porbandar,IND,116671
551,Purnea (Purnia),IND,114912
552,Titagarh,IND,114085
553,Halisahar,IND,114028
554,Pallavaram,IND,111866
555,Santipur,IND,109956
556,Bhind,IND,109755
557,Yeotmal (Yavatmal),IND,108578
558,Shivapuri,IND,108277
559,Bidar,IND,108016
560,Barasat,IND,107365
561,Pilibhit,IND,106605
562,Valparai,IND,106523
563,Qutubullapur,IND,105380
564,Gandhidham,IND,104585
565,Haldwani-cum-Kathgodam,IND,104195
566,Rishra,IND,102649
567,Gudivada,IND,101656
568,Basirhat,IND,101409
569,North Barrackpur,IND,100513
570,Habra,IND,100223
571,Kanchrapara,IND,100194
572,Orai,IND,98640
573,Hazaribag,IND,97712
574,Palayankottai,IND,97662
575,Hospet,IND,96322
576,Patan,IND,96109
577,Mandasor,IND,95758
578,Meerut Cantonment,IND,94876
579,Chhindwara,IND,93731
580,Bansberia,IND,93447
581,Vidisha,IND,92917
582,Hassan,IND,90803
583,Ambala Sadar,IND,90712
584,Raigarh,IND,89166
585,Mosul,IRQ,879000
586,Irbil,IRQ,485968
587,al-Sulaymaniya,IRQ,364096
588,al-Hilla,IRQ,268834
589,al-Nasiriya,IRQ,265937
590,al-Ramadi,IRQ,192556
591,Teheran,IRN,6758845
592,Mashhad,IRN,1887405
593,Shiraz,IRN,1053025
594,Qom,IRN,777677
595,Kermanshah,IRN,692986
596,Rasht,IRN,417748
597,Arak,IRN,380755
598,Ardebil,IRN,340386
599,Zanjan,IRN,286295
600,Khorramabad,IRN,272815
601,Eslamshahr,IRN,265450
602,Dezful,IRN,202639
603,Gorgan,IRN,188710
604,Najafabad,IRN,178498
605,Amol,IRN,159092
606,Khoy,IRN,148944
607,Malayer,IRN,144373
608,Qarchak,IRN,142690
609,Bojnurd,IRN,134835
610,Maragheh,IRN,132318
611,Bukan,IRN,120020
612,Gonbad-e Qabus,IRN,111253
613,Saveh,IRN,111245
614,Andimeshk,IRN,106923
615,Marv Dasht,IRN,103579
616,Zabol,IRN,100887
617,Rafsanjan,IRN,98300
618,Jahrom,IRN,94200
619,Semnan,IRN,91045
620,Dublin,IRL,481854
621,Jerusalem,ISR,633700
622,Tel Aviv-Jaffa,ISR,348100
623,Beerseba,ISR,163700
624,Ashdod,ISR,155800
625,Netanya,ISR,154900
626,Ramat Gan,ISR,126900
627,Roma,ITA,2643581
628,Milano,ITA,1300977
629,Palermo,ITA,683794
630,Firenze,ITA,376662
631,Catania,ITA,337862
632,Messina,ITA,259156
633,Padova,ITA,211391
634,Taranto,ITA,208214
635,Modena,ITA,176022
636,Cagliari,ITA,165926
637,Livorno,ITA,161673
638,Reggio nellÂ´ Emilia,ITA,143664
639,Ferrara,ITA,132127
640,Rimini,ITA,131062
641,Monza,ITA,119516
642,Latina,ITA,114099
643,Vicenza,ITA,109738
644,Trento,ITA,104906
645,Ancona,ITA,98329
646,Lecce,ITA,98208
647,La Spezia,ITA,95504
648,Andria,ITA,94443
649,Brindisi,ITA,93454
650,Barletta,ITA,91904
651,Cesena,ITA,89852
652,Pesaro,ITA,88987
653,Graz,AUT,240967
654,Innsbruck,AUT,111752
655,Klagenfurt,AUT,91141
656,Portmore,JAM,99799
657,Osaka,JPN,2595674
658,Nagoya,JPN,2154376
659,Kobe,JPN,1425139
660,Hiroshima,JPN,1119117
661,Kitakyushu,JPN,1016264
662,Sakai,JPN,797735
663,Sagamihara,JPN,586300
664,Hamamatsu,JPN,568796
665,Higashiosaka,JPN,517785
666,Amagasaki,JPN,481434
667,Himeji,JPN,475167
668,Matsuyama,JPN,466133
669,Kawaguchi,JPN,452155
670,Ichikawa,JPN,441893
671,Oita,JPN,433401
672,Kurashiki,JPN,425103
673,Gifu,JPN,408007
674,Toyonaka,JPN,396689
675,Fujisawa,JPN,372840
676,Asahikawa,JPN,364813
677,Takatsuki,JPN,361747
678,Toyohashi,JPN,360066
679,Toyota,JPN,346090
680,Koriyama,JPN,330335
681,Tokorozawa,JPN,325809
682,Toyama,JPN,325790
683,Akita,JPN,314440
684,Naha,JPN,299851
685,Aomori,JPN,295969
686,Yokkaichi,JPN,288173
687,Maebashi,JPN,284473
688,Kasugai,JPN,282348
689,Yao,JPN,276421
690,Kakogawa,JPN,266281
691,Ibaraki,JPN,261020
692,Yamagata,JPN,255617
693,Mito,JPN,246559
694,Sasebo,JPN,244240
695,Shimizu,JPN,239123
696,Soka,JPN,222768
697,Fuchu,JPN,220576
698,Numazu,JPN,211382
699,Matsumoto,JPN,206801
700,Kure,JPN,206504
701,Chofu,JPN,201585
702,Kushiro,JPN,197608
703,Kishiwada,JPN,197276
704,Itami,JPN,190886
705,Hirosaki,JPN,177522
706,Ube,JPN,175206
707,Obihiro,JPN,173685
708,Sakura,JPN,168072
709,Kamakura,JPN,167661
710,Hino,JPN,166770
711,Tsu,JPN,164543
712,Sayama,JPN,162472
713,Tachikawa,JPN,159430
714,Otaru,JPN,155784
715,Anjo,JPN,153823
716,Ogaki,JPN,151758
717,Hitachinaka,JPN,148006
718,Niiza,JPN,147744
719,Tama,JPN,146712
720,Omuta,JPN,142889
721,Komaki,JPN,139827
722,Yamaguchi,JPN,138210
723,Matsubara,JPN,135010
724,Musashino,JPN,134426
725,Miyakonojo,JPN,133183
726,Daito,JPN,130594
727,Seto,JPN,130470
728,Beppu,JPN,127486
729,Fujieda,JPN,126897
730,Abiko,JPN,126670
731,Ueda,JPN,124217
732,Isesaki,JPN,123285
733,Zama,JPN,122046
734,Ishinomaki,JPN,120963
735,Imabari,JPN,119357
736,Aizuwakamatsu,JPN,119287
737,Ebetsu,JPN,118805
738,Okinawa,JPN,117748
739,Yaizu,JPN,117258
740,Asaka,JPN,114815
741,Kitami,JPN,111295
742,Koganei,JPN,110969
743,Handa,JPN,108600
744,Yatsushiro,JPN,107661
745,Iida,JPN,107583
746,Akishima,JPN,106914
747,Kuwana,JPN,106121
748,Sanda,JPN,105643
749,Tajimi,JPN,103171
750,Ise,JPN,101732
751,Sakata,JPN,101651
752,Tsuruoka,JPN,100713
753,Tokai,JPN,99738
754,Inazawa,JPN,98746
755,Takasago,JPN,97632
756,Yonezawa,JPN,95592
757,Konan,JPN,95521
758,Onomichi,JPN,93756
759,Isahaya,JPN,93058
760,Kanuma,JPN,93053
761,Mobara,JPN,91664
762,Tsuyama,JPN,91170
763,Sanaa,YEM,503600
764,Hodeida,YEM,298500
765,Amman,JOR,1000000
766,al-Zarqa,JOR,389815
767,Wadi al-Sir,JOR,89104
768,Novi Sad,YUG,179626
769,NiÅ¡,YUG,175391
770,Podgorica,YUG,135000
771,Phnom Penh,KHM,570155
772,Battambang,KHM,129800
773,YaoundÃ©,CMR,1372800
774,Bamenda,CMR,138000
775,Bafoussam,CMR,131000
776,Calgary,CAN,768082
777,Winnipeg,CAN,618477
778,Edmonton,CAN,616306
779,Vancouver,CAN,514008
780,Hamilton,CAN,335614
781,Ottawa,CAN,335277
782,Brampton,CAN,296711
783,Kitchener,CAN,189959
784,Markham,CAN,189098
785,QuÃ©bec,CAN,167264
786,Vaughan,CAN,147889
787,Burlington,CAN,145150
788,Saint Catharines,CAN,136216
789,Thunder Bay,CAN,115913
790,Nepean,CAN,115100
791,Halifax,CAN,113910
792,Abbotsford,CAN,105403
793,Guelph,CAN,103593
794,Saanich,CAN,101388
795,Sudbury,CAN,92686
796,Kelowna,CAN,89442
797,Almaty,KAZ,1129400
798,Taraz,KAZ,330100
799,Astana,KAZ,311200
800,Semey,KAZ,269600
801,Petropavl,KAZ,203500
802,Oral,KAZ,195500
803,Aqtau,KAZ,143400
804,KÃ¶kshetau,KAZ,123400
805,Rudnyy,KAZ,109500
806,Nairobi,KEN,2290000
807,Nakuru,KEN,163927
808,Machakos,KEN,116293
809,Nyeri,KEN,91258
810,Peking,CHN,7472000
811,Chongqing,CHN,6351600
812,Harbin,CHN,4289800
813,Chengdu,CHN,3361500
814,Nanking [Nanjing],CHN,2870300
815,Dalian,CHN,2697000
816,Hangzhou,CHN,2190500
817,Zhengzhou,CHN,2107200
818,Kunming,CHN,1829500
819,Fuzhou,CHN,1593800
820,Lanzhou,CHN,1565800
821,Hefei,CHN,1369100
822,Fushun,CHN,1200000
823,Nanning,CHN,1161800
824,Jilin,CHN,1040000
825,Shenzhen,CHN,950500
826,Hohhot,CHN,916700
827,Xuzhou,CHN,810000
828,Benxi,CHN,770000
829,Luoyang,CHN,760000
830,Huainan,CHN,700000
831,Fuxin,CHN,640000
832,Amoy [Xiamen],CHN,627500
833,Jinzhou,CHN,570000
834,Changzhou,CHN,530000
835,Zhangjiakou,CHN,530000
836,Kaifeng,CHN,510000
837,Hengyang,CHN,487148
838,Baoding,CHN,483155
839,Huangshi,CHN,457601
840,Bengbu,CHN,449245
841,Xiangtan,CHN,441968
842,Pingxiang,CHN,425579
843,Panzhihua,CHN,415466
844,Pingdingshan,CHN,410775
845,Jiaozuo,CHN,409100
846,Zigong,CHN,393184
847,Shuangyashan,CHN,386081
848,Yichang,CHN,371601
849,Qinhuangdao,CHN,364972
850,Guilin,CHN,364130
851,Yangquan,CHN,362268
852,Lianyungang,CHN,354139
853,Xianyang,CHN,352125
854,Shaoguan,CHN,350043
855,Baoji,CHN,337765
856,Linyi,CHN,324720
857,Changzhi,CHN,317144
858,Yangzhou,CHN,312892
859,Dongwan,CHN,308669
860,Yueyang,CHN,302800
861,Shihezi,CHN,299676
862,Yancheng,CHN,296831
863,Shashi,CHN,281352
864,Tongchuan,CHN,280657
865,Zhongshan,CHN,278829
866,Jining,CHN,265248
867,Luzhou,CHN,262892
868,Zunyi,CHN,261862
869,Tongliao,CHN,255129
870,Anqing,CHN,250718
871,Shaoyang,CHN,247227
872,Tianshui,CHN,244974
873,Yibin,CHN,241019
874,Huaiyin,CHN,239675
875,Jiangmen,CHN,230587
876,Gongziling,CHN,226569
877,Xiantao,CHN,222884
878,Huzhou,CHN,218071
879,Yangjiang,CHN,215196
880,Qitaihe,CHN,214957
881,Hebi,CHN,212976
882,Meihekou,CHN,209038
883,Xuchang,CHN,208815
884,Qianjiang,CHN,205504
885,Yixing,CHN,200824
886,Laizhou,CHN,198664
887,Dezhou,CHN,195485
888,Beipiao,CHN,194301
889,Fengcheng,CHN,193784
890,Dongtai,CHN,192247
891,Ezhou,CHN,190123
892,Heze,CHN,189293
893,Tianmen,CHN,186332
894,Rizhao,CHN,185048
895,Deyang,CHN,182488
896,Zhangzhou,CHN,181424
897,Jiutai,CHN,180130
898,Zhaodong,CHN,179976
899,Maoming,CHN,178683
900,Jiaohe,CHN,176367
901,Puyang,CHN,175988
902,Qashqar,CHN,174570
903,Xinyu,CHN,173524
904,Hanzhong,CHN,169930
905,Xiaogan,CHN,166280
906,Qingyuan,CHN,164641
907,Aqsu,CHN,164092
908,Zaoyang,CHN,162198
909,Huizhou,CHN,161023
910,Jinmen,CHN,160794
911,Korla,CHN,159344
912,Zhoushan,CHN,156317
913,Liangcheng,CHN,156307
914,Suzhou,CHN,151862
915,Pingdu,CHN,150123
916,JiÂ´an,CHN,148583
917,Zhoukou,CHN,146288
918,Jinhua,CHN,144280
919,LiuÂ´an,CHN,144248
920,Ankang,CHN,142170
921,DaÂ´an,CHN,138963
922,Lengshuijiang,CHN,137994
923,Dali,CHN,136554
924,Longyan,CHN,134481
925,Xichang,CHN,134419
926,Binzhou,CHN,133555
927,Duyun,CHN,132971
928,Mishan,CHN,132744
929,Meixian,CHN,132156
930,HuaiÂ´an,CHN,131149
931,Leiyang,CHN,130115
932,Loudi,CHN,128418
933,Huaihua,CHN,126785
934,Luohe,CHN,126438
935,Linqing,CHN,123958
936,Dujiangyan,CHN,123357
937,Zhumadian,CHN,123232
938,Sanmenxia,CHN,120523
939,Lhasa,CHN,120000
940,Lianyuan,CHN,118858
941,Hongjiang,CHN,116188
942,Yuyao,CHN,114065
943,Guigang,CHN,114025
944,Beihai,CHN,112673
945,YongÂ´an,CHN,111762
946,Zixing,CHN,110048
947,Yumen,CHN,109234
948,Shanwei,CHN,107847
949,Cixi,CHN,107329
950,Jinchang,CHN,105287
951,Shishou,CHN,104571
952,Hengshui,CHN,104269
953,Sanya,CHN,102820
954,Xingcheng,CHN,102384
955,Zhucheng,CHN,102134
956,Pingliang,CHN,99265
957,Jieyang,CHN,98531
958,Zhangjiagang,CHN,97994
959,Jinzhou,CHN,95761
960,Bose,CHN,93009
961,Yuzhou,CHN,92889
962,Putian,CHN,91030
963,Shaowu,CHN,90286
964,Junan,CHN,90222
965,Huangyan,CHN,89288
966,Bikenibeu,KIR,5055
967,Bairiki,KIR,2226
968,MedellÃ­n,COL,1861265
969,CÃºcuta,COL,606932
970,Bucaramanga,COL,515555
971,Santa Marta,COL,359147
972,Pasto,COL,332396
973,Neiva,COL,300052
974,Villavicencio,COL,273140
975,MonterÃ­a,COL,248245
976,ItagÃ¼Ã­,COL,228985
977,Floridablanca,COL,221913
978,Barrancabermeja,COL,178020
979,Dos Quebradas,COL,159363
980,Cartago,COL,125884
981,Tunja,COL,109740
982,Florencia,COL,108574
983,Giron,COL,90688
984,Pointe-Noire,COG,500000
985,Kinshasa,COD,5064000
986,Kolwezi,COD,417810
987,Likasi,COD,299118
988,Bukavu,COD,201569
989,Matadi,COD,172730
990,Boma,COD,135284
991,Uvira,COD,115590
992,Kalemie,COD,101309
993,Pyongyang,PRK,2484000
994,Hamhung,PRK,709730
995,Sinuiju,PRK,326011
996,Sariwon,PRK,254146
997,Haeju,PRK,229172
998,Hyesan,PRK,178020
999,Pusan,KOR,3804522
0,Mazar-e-Sharif,AFG,127800
1,Groningen,NLD,172701
2,Arnhem,NLD,138020
3,Haarlemmermeer,NLD,110722
4,Alkmaar,NLD,92713
5,Batna,DZA,183377
6,Mostaganem,DZA,115212
7,Tafuna,ASM,5200
8,Namibe,AGO,118200
9,al-Ayn,ARE,225970
10,Quilmes,ARG,559249
11,General San MartÃ­n,ARG,422542
12,Florencio Varela,ARG,315432
13,San Miguel,ARG,248700
14,Posadas,ARG,201273
15,San Fernando,ARG,153036
16,Mendoza,ARG,123027
17,Ezeiza,ARG,99578
18,Sydney,AUS,3276207
19,Newcastle,AUS,270324
20,Baku,AZE,1787800
21,Chittagong,BGD,1392860
22,Tungi,BGD,168702
23,Brahmanbaria,BGD,109032
24,Saidpur,BGD,96777
25,Bruxelles [Brussel],BEL,133859
26,Cotonou,BEN,536827
27,Santa Cruz de la Sierra,BOL,935361
28,Tarija,BOL,125255
29,Rio de Janeiro,BRA,5598953
30,Porto Alegre,BRA,1314032
31,Nova IguaÃ§u,BRA,862225
32,Osasco,BRA,659604
33,UberlÃ¢ndia,BRA,487222
34,Aracaju,BRA,445555
35,Campos dos Goytacazes,BRA,398418
36,Moji das Cruzes,BRA,339194
37,Bauru,BRA,313670
38,SÃ£o Vicente,BRA,286848
39,VitÃ³ria,BRA,270626
40,Uberaba,BRA,249225
41,Novo Hamburgo,BRA,239940
42,TaubatÃ©,BRA,229130
43,Barueri,BRA,208426
44,MagÃ©,BRA,196147
45,DivinÃ³polis,BRA,185047
46,Americana,BRA,177409
47,AraÃ§atuba,BRA,169303
48,Dourados,BRA,164716
49,Cachoeiro de Itapemirim,BRA,155024
50,ChapecÃ³,BRA,144158
51,SÃ£o Caetano do Sul,BRA,133321
52,Castanhal,BRA,127634
53,LuziÃ¢nia,BRA,125597
54,BagÃ©,BRA,120793
55,Queimados,BRA,115020
56,JaÃº,BRA,109965
57,Catanduva,BRA,107761
58,Barretos,BRA,104156
59,Itaituba,BRA,101320
60,Passos,BRA,98570
61,Angra dos Reis,BRA,96864
62,Birigui,BRA,94685
63,Santana do Livramento,BRA,91779
64,Barra do PiraÃ­,BRA,89388
65,Liverpool,GBR,461000
66,Coventry,GBR,304000
67,Stoke-on-Trent,GBR,252000
68,Dudley,GBR,192171
69,Walsall,GBR,174739
70,Reading,GBR,148000
71,Blackburn,GBR,140000
72,Watford,GBR,113080
73,Sutton Coldfield,GBR,106001
74,Crawley,GBR,97000
75,Halifax,GBR,91069
76,Douglas,GBR,23487
77,Ruse,BGR,166467
78,Bobo-Dioulasso,BFA,300000
79,ValparaÃ­so,CHL,293800
80,Arica,CHL,189036
81,Osorno,CHL,141468
82,CuricÃ³,CHL,115766
83,Djibouti,DJI,383000
84,San Felipe de Puerto Plata,DOM,89423
85,Ambato,ECU,169612
86,RÃ­obamba,ECU,123163
87,Suez,EGY,417610
88,Zagazig,EGY,267351
89,Bani Suwayf,EGY,172032
90,Kafr al-Shaykh,EGY,124819
91,Jirja,EGY,95400
92,Soyapango,SLV,129800
93,Valencia,ESP,739412
94,Palma de Mallorca,ESP,326993
95,Granada,ESP,244767
96,Elche [Elx],ESP,193174
97,LeganÃ©s,ESP,173163
98,Albacete,ESP,147527
99,Badajoz,ESP,136613
100,Ourense (Orense),ESP,109120
101,TorrejÃ³n de Ardoz,ESP,92262
102,Durban,ZAF,566120
103,Randburg,ZAF,341288
104,Klerksdorp,ZAF,261911
105,Chatsworth,ZAF,189885
106,Germiston,ZAF,164252
107,Nigel,ZAF,96734
108,Dese,ETH,97314
109,Kalookan,PHL,1177604
110,Antipolo,PHL,470866
111,Marikina,PHL,391170
112,Bacoor,PHL,305699
113,Mandaue,PHL,259728
114,San Fernando,PHL,221857
115,Imus,PHL,195482
116,Mabalacat,PHL,171045
117,San Carlos,PHL,154264
118,Cadiz,PHL,141954
119,Marawi,PHL,131090
120,Malaybalay,PHL,123672
121,Tanauan,PHL,117539
122,Hagonoy,PHL,111425
123,San Jose,PHL,108254
124,Midsayap,PHL,105760
125,Kidapawan,PHL,101205
126,Bislig,PHL,97860
127,Sultan Kudarat,PHL,94861
128,Ligao,PHL,90603
129,Rustavi,GEO,155400
130,Sekondi-Takoradi,GHA,103653
131,AgaÃ±a,GUM,1139
132,Georgetown,GUY,254000
133,La Ceiba,HND,89200
134,Medan,IDN,1843919
135,Bekasi,IDN,644300
136,Pontianak,IDN,409632
137,Mataram,IDN,306600
138,Kediri,IDN,253760
139,Ciomas,IDN,187400
140,Pasuruan,IDN,134019
141,Pangkal Pinang,IDN,124000
142,Ciparay,IDN,111500
143,Salatiga,IDN,103000
144,Kendari,IDN,94800
145,Batam,IDN,91871
146,Calcutta [Kolkata],IND,4399819
147,Lucknow,IND,1619115
148,Vadodara (Baroda),IND,1031346
149,Agra,IND,891790
150,Amritsar,IND,708835
151,Solapur (Sholapur),IND,604215
152,Kota,IND,537371
153,Aligarh,IND,480520
154,Durgapur,IND,425836
155,Ajmer,IND,402700
156,Salem,IND,366712
157,Rajahmundry,IND,324851
158,Jhansi,IND,300850
159,Dehra Dun,IND,270159
160,Rampur,IND,243742
161,Kurnool,IND,236800
162,Darbhanga,IND,218391
163,Jammu,IND,214737
164,Bihar Sharif,IND,201323
165,Parbhani,IND,190255
166,Avadi,IND,183215
167,Vellore,IND,175061
168,Burhanpur,IND,172710
169,Murwara (Katni),IND,163431
170,Agartala,IND,157358
171,Cuddalore,IND,153086
172,Kanchipuram,IND,150100
173,Morena,IND,147124
174,Tenali,IND,143726
175,Serampore,IND,137028
176,Bahraich,IND,135400
177,Shillong,IND,131719
178,Bulandshahr,IND,127201
179,Puri,IND,125199
180,Gandhinagar,IND,123359
181,Cuddapah,IND,121463
182,Balurghat,IND,119796
183,Berhampore (Baharampur),IND,115144
184,Bhir (Bid),IND,112434
185,Tiruvannamalai,IND,109196
186,Unnao,IND,107425
187,Surendranagar,IND,105973
188,Wardha,IND,102985
189,Ongole,IND,100836
190,Champdani,IND,98818
191,Godhra,IND,96813
192,Satara,IND,95133
193,Kanpur Cantonment,IND,93109
194,Morvi,IND,90357
195,Basra,IRQ,406296
196,al-Diwaniya,IRQ,196519
197,Tabriz,IRN,1191043
198,Zahedan,IRN,419518
199,Qazvin,IRN,291117
200,Abadan,IRN,206073
201,Khomeynishahr,IRN,165888
202,Qaemshahr,IRN,143286
203,Ilam,IRN,126346
204,Varamin,IRN,107233
205,Bandar-e Anzali,IRN,98500
206,Qomsheh,IRN,89800
207,Rishon Le Ziyyon,ISR,188200
208,Bene Beraq,ISR,133900
209,Torino,ITA,903705
210,Venezia,ITA,277305
211,Reggio di Calabria,ITA,179617
212,Foggia,ITA,154891
213,Sassari,ITA,120803
214,ForlÃ¬,ITA,107475
215,Catanzaro,ITA,96700
216,Pisa,ITA,92379
217,Wien,AUT,1608144
218,Kingston,JAM,103962
219,Kioto,JPN,1461974
220,Chiba,JPN,863930
221,Funabashi,JPN,545299
222,Urawa,JPN,469675
223,Utsunomiya,JPN,440353
224,Nishinomiya,JPN,397618
225,Nara,JPN,362812
226,Takamatsu,JPN,332471
227,Kashiwa,JPN,320296
228,Akashi,JPN,292253
229,Ichihara,JPN,279280
230,Shimonoseki,JPN,257263
231,Takasaki,JPN,239124
232,Atsugi,JPN,212407
233,Kasukabe,JPN,201838
234,Nagaoka,JPN,192407
235,Takaoka,JPN,174380
236,Izumi,JPN,166979
237,Tsukuba,JPN,160768
238,Oyama,JPN,152820
239,Tottori,JPN,147523
240,Kadoma,JPN,138953
241,Joetsu,JPN,133505
242,Urayasu,JPN,127550
243,Tondabayashi,JPN,125094
244,Noda,JPN,121030
245,Habikino,JPN,118968
246,Ebina,JPN,115571
247,Mishima,JPN,109699
248,Kokubunji,JPN,106996
249,Toda,JPN,103969
250,Kamagaya,JPN,100821
251,Isehara,JPN,98123
252,Maizuru,JPN,94784
253,Kameoka,JPN,92398
254,Taizz,YEM,317600
255,al-Rusayfa,JOR,137247
256,Kragujevac,YUG,147305
257,Douala,CMR,1448300
258,MontrÃ©al,CAN,1016376
259,Scarborough,CAN,594501
260,Surrey,CAN,304477
261,Burnaby,CAN,179209
262,Oakville,CAN,139192
263,East York,CAN,114034
264,Coquitlam,CAN,101820
265,Praia,CPV,94800
266,Pavlodar,KAZ,300500
267,Qyzylorda,KAZ,157400
268,Zhezqazghan,KAZ,90000
269,Meru,KEN,94947
270,Wuhan,CHN,4344600
271,XiÂ´an,CHN,2761400
272,Taiyuan,CHN,1968400
273,Ningbo,CHN,1371200
274,Qiqihar,CHN,1070000
275,Wuxi,CHN,830000
276,Xining,CHN,700200
277,Shantou,CHN,580000
278,Hegang,CHN,520000
279,Xinxiang,CHN,473762
280,Wuhu,CHN,425740
281,Zhuzhou,CHN,409924
282,Yakeshi,CHN,377869
283,Panjin,CHN,362773
284,Chifeng,CHN,350077
285,Siping,CHN,317223
286,Foshan,CHN,303160
287,Dongying,CHN,281728
288,Tieli,CHN,265683
289,Neijiang,CHN,256012
290,Chengde,CHN,246799
291,Yanji,CHN,230892
292,Ganzhou,CHN,220129
293,Jiangyin,CHN,213659
294,Haicheng,CHN,205560
295,Acheng,CHN,197595
296,Xinyang,CHN,192509
297,Linfen,CHN,187309
298,Changshu,CHN,181805
299,Fuyang,CHN,179572
300,Jiangyou,CHN,175753
301,Chenzhou,CHN,169400
302,Xiaoshan,CHN,162930
303,Ulanhot,CHN,159538
304,Taizhou,CHN,152442
305,Langfang,CHN,148105
306,Suizhou,CHN,142302
307,Xianning,CHN,136811
308,Hailun,CHN,133565
309,Changji,CHN,132260
310,Weihai,CHN,128888
311,Kaiyuan,CHN,124219
312,Jiaonan,CHN,121397
313,Puqi,CHN,117264
314,YanÂ´an,CHN,113277
315,Yizheng,CHN,109268
316,Bozhou,CHN,106346
317,Fujin,CHN,103104
318,Haining,CHN,100478
319,YaÂ´an,CHN,95900
320,Tumen,CHN,91471
321,Pingyi,CHN,89373
322,Cali,COL,2077386
323,Pereira,COL,381725
324,Armenia,COL,288977
325,Buenaventura,COL,224336
326,Envigado,COL,135848
327,Sogamoso,COL,107728
328,Mbuji-Mayi,COD,806475
329,Tshikapa,COD,180860
330,Goma,COD,109094
331,Nampo,PRK,566200
332,Kimchaek,PRK,179000
333,Taejon,KOR,1425835
334,Chonju,KOR,563153
335,Kwangmyong,KOR,350914
336,Kyongju,KOR,272968
337,Wonju,KOR,237460
338,Yosu,KOR,183596
339,Kimchon,KOR,147027
340,Tong-yong,KOR,131717
341,Miryang,KOR,121501
342,Namwon,KOR,103544
343,Peristerion,GRC,137288
344,Osijek,HRV,104761
345,Pinar del RÃ­o,CUB,142100
346,Ciego de Ãvila,CUB,98505
347,Savannakhet,LAO,96652
348,Monrovia,LBR,850000
349,Vilnius,LTU,577969
350,Macao,MAC,437500
351,Blantyre,MWI,478155
352,Kelang,MYS,243355
353,Kuching,MYS,148059
354,Bamako,MLI,809552
355,Tanger,MAR,521735
356,Agadir,MAR,155244
357,Ksar el Kebir,MAR,107065
358,NouÃ¢dhibou,MRT,97600
359,Ecatepec de Morelos,MEX,1620303
360,Zapopan,MEX,1002239
361,Chihuahua,MEX,670208
362,Hermosillo,MEX,608697
363,Tlaquepaque,MEX,475472
364,Reynosa,MEX,419776
365,Ahome,MEX,358663
366,Tampico,MEX,294789
367,Coatzacoalcos,MEX,267037
368,Salamanca,MEX,226864
369,OthÃ³n P. Blanco (Chetumal),MEX,208014
370,Puerto Vallarta,MEX,183741
371,TecÃ¡mac,MEX,172410
372,Zamora,MEX,161191
373,Navolato,MEX,145396
374,Boca del RÃ­o,MEX,135721
375,Guaymas,MEX,130108
376,San Pedro Garza GarcÃ­a,MEX,126147
377,Zinacantepec,MEX,121715
378,Delicias,MEX,116132
379,Guadalupe,MEX,108881
380,Temapache,MEX,102824
381,Lerma,MEX,99714
382,San Felipe,MEX,95305
383,PÃ¡nuco,MEX,90551
384,Balti,MDA,153400
385,Matola,MOZ,424662
386,Tete,MOZ,101984
387,Pegu (Bago),MMR,190900
388,Lashio (Lasho),MMR,107600
389,Yangor,NRU,4050
390,Managua,NIC,959000
391,Lagos,NGA,1518000
392,Port Harcourt,NGA,410000
393,Kaduna,NGA,342200
394,Ila,NGA,264000
395,Sokoto,NGA,204900
396,Shaki,NGA,174500
397,Kumo,NGA,148000
398,Warri,NGA,126100
399,Awka,NGA,111200
400,Epe,NGA,101000
401,BÃ¦rum,NOR,101340
402,Salala,OMN,131813
403,Rawalpindi,PAK,1406214
404,Sargodha,PAK,455360
405,Gujrat,PAK,250121
406,Dera Ghazi Khan,PAK,188100
407,Jhelum,PAK,145800
408,Muzaffargarh,PAK,121600
409,Tando Adam,PAK,103400
410,Ahmadpur East,PAK,96000
411,Koror,PLW,12000
412,LambarÃ©,PRY,99681
413,Iquitos,PER,367000
414,Ica,PER,194820
415,Puno,PER,101578
416,Amadora,PRT,122106
417,Caguas,PRI,140502
418,KrakÃ³w,POL,738150
419,Katowice,POL,345934
420,Gliwice,POL,212164
421,Ruda Slaska,POL,159665
422,Opole,POL,129553
423,Legnica,POL,109335
424,Malabo,GNQ,40000
425,Nantes,FRA,270251
426,Lille,FRA,184657
427,Le Mans,FRA,146105
428,Villeurbanne,FRA,124215
429,Boulogne-Billancourt,FRA,106367
430,Cayenne,GUF,50699
431,Cluj-Napoca,ROM,332498
432,Oradea,ROM,222239
433,Buzau,ROM,148372
434,TÃ¢rgoviste,ROM,98980
435,Gothenburg [GÃ¶teborg],SWE,466990
436,Helsingborg,SWE,117737
437,Jamestown,SHN,1500
438,Munich [MÃ¼nchen],DEU,1194560
439,Bremen,DEU,540330
440,Wuppertal,DEU,368993
441,MÃ¼nster,DEU,264670
442,Krefeld,DEU,241769
443,Freiburg im Breisgau,DEU,202455
444,MÃ¼lheim an der Ruhr,DEU,173895
445,Heidelberg,DEU,139672
446,GÃ¶ttingen,DEU,124775
447,Offenbach am Main,DEU,116627
448,FÃ¼rth,DEU,109771
449,Witten,DEU,103384
450,GÃ¼tersloh,DEU,95028
451,Honiara,SLB,50100
452,Luanshya,ZMB,118100
453,Mekka,SAU,965700
454,al-Mubarraz,SAU,219100
455,al-Tuqba,SAU,125700
456,Najran,SAU,91000
457,Saint-Louis,SEN,132400
458,KoÅ¡ice,SVK,241874
459,Colombo,LKA,645000
460,Omdurman,SDN,1271403
461,Wad Madani,SDN,211362
462,Tampere,FIN,195468
463,ZÃ¼rich,CHE,336800
464,Hims,SYR,507404
465,al-Raqqa,SYR,108020
466,Tainan,TWN,728060
467,Chungli,TWN,318649
468,Tucheng,TWN,224897
469,Fengyuan,TWN,161032
470,Kueishan,TWN,112195
471,Tsaotun,TWN,96800
472,Zanzibar,TZA,157634
473,KÃ¸benhavn,DNK,495699
474,Nakhon Ratchasima,THA,181400
475,Ubon Ratchathani,THA,116300
476,Port-of-Spain,TTO,43396
477,Olomouc,CZE,102702
478,Sfax,TUN,257800
479,Istanbul,TUR,8787958
480,Mersin (IÃ§el),TUR,587212
481,Malatya,TUR,330312
482,ElÃ¢zig,TUR,228815
483,Sakarya (Adapazari),TUR,190641
484,Adiyaman,TUR,141529
485,Isparta,TUR,121911
486,Viransehir,TUR,106400
487,Bismil,TUR,101400
488,ChÃ¤rjew,TKM,189200
489,Harkova [Harkiv],UKR,1500000
490,Mykolajiv,UKR,508000
491,Simferopol,UKR,339000
492,Dniprodzerzynsk,UKR,270000
493,Ternopil,UKR,236000
494,Berdjansk,UKR,130000
495,Jevpatorija,UKR,112000
496,Kostjantynivka,UKR,95000
497,Budapest,HUN,1811552
498,KecskemÃ©t,HUN,105606
499,North Shore,NZL,187700
500,Namangan,UZB,370500
501,Fargona,UZB,180500
502,Olmalik,UZB,114900
503,Brest,BLR,286000
504,Novopolotsk,BLR,106000
505,Caracas,VEN,1975294
506,Barcelona,VEN,322267
507,Barinas,VEN,217831
508,Guarenas,VEN,165889
509,CarÃºpano,VEN,119639
510,Ocumare del Tuy,VEN,97168
511,St Petersburg,RUS,4694000
512,Ufa,RUS,1091200
513,Saratov,RUS,874000
514,Vladivostok,RUS,606200
515,Lipetsk,RUS,521000
516,Kirov,RUS,466200
517,Kaliningrad,RUS,424400
518,Smolensk,RUS,353400
519,TÅ¡erepovets,RUS,324400
520,Komsomolsk-na-Amure,RUS,291600
521,Surgut,RUS,274900
522,Niznevartovsk,RUS,233900
523,Å ahty,RUS,221800
524,Jakutsk,RUS,195400
525,NovotÅ¡erkassk,RUS,184400
526,Armavir,RUS,164900
527,MytiÅ¡tÅ¡i,RUS,155700
528,Novomoskovsk,RUS,138100
529,Korolev,RUS,132400
530,AtÅ¡insk,RUS,121600
531,Velikije Luki,RUS,116300
532,Kiseljovsk,RUS,110000
533,Ust-Ilimsk,RUS,105200
534,Kyzyl,RUS,101100
535,Jessentuki,RUS,97900
536,Zukovski,RUS,96500
537,Derbent,RUS,92300
538,Hanoi,VNM,1410000
539,Cam Pha,VNM,209086
540,Hong Gai,VNM,127484
541,Tallinn,EST,403981
542,Phoenix,USA,1321045
543,San Francisco,USA,776733
544,Boston,USA,589141
545,Fort Worth,USA,534694
546,Long Beach,USA,461522
547,Oakland,USA,399484
548,Colorado Springs,USA,360890
549,Anaheim,USA,328014
550,Raleigh,USA,276093
551,Bakersfield,USA,247057
552,Lincoln,USA,225581
553,Madison,USA,208054
554,Lubbock,USA,199564
555,Spokane,USA,195629
556,Columbus,USA,186291
557,Salt Lake City,USA,181743
558,Knoxville,USA,173890
559,Garden Grove,USA,165196
560,Springfield,USA,152082
561,Metairie,USA,149428
562,Lakewood,USA,144126
563,Brownsville,USA,139722
564,Salem,USA,136924
565,Naperville,USA,128358
566,Flint,USA,124943
567,Concord,USA,121780
568,Lancaster,USA,118718
569,Columbia,USA,116278
570,Macon,USA,113336
571,Gilbert,USA,109697
572,South Bend,USA,107789
573,Lowell,USA,105167
574,Norwalk,USA,103298
575,Pueblo,USA,102121
576,Livonia,USA,100545
577,Sunrise Manor,USA,95362
578,Roanoke,USA,93357
579,Visalia,USA,91762
580,Odessa,USA,89293
581,Mount Darwin,ZWE,164362
582,Nablus,PSE,100231
